NSW - LGA Schemes,,,,,,,,,,,,,,,,
,,,,,,,,,,,,,,,,
Local Government Area - Details,,Policies,,,,,,,,,,,,,,
LGA,Council,Policy Type,Policy Name,Status (Current/Historical),Description,Target Group,Incentive Type,"Incentive Amount 
(if applicable)",Eligibility Criteria,Implementation Date,"End Date 
(if applicable)",Administering Body,Key Outcomes/ Impact (if available),Notes/Additional Information,Contact information,Citation
Sydney,City of Sydney Council,Energy Audits and Ratings,Green Building Grants,Current,"Supports building owners in the residential apartment building and accommodation sector to undertake environmental ratings, certifications, audits and assessments for existing buildings to be resource efficient and achieve net zero emissions by 2035.

Funding can support:
- NABERS, Green Star Performance or EarthCheck assessment and/or certification
- residential energy/water/waste assessments
- renewables/electrification feasibility assessments
- net zero action plans.
","Building owners, owners corporations",Grant,"(From historical information) between about $2,500 to $15,000 maximum

For perspective, the total budget for 2023/24 was $400,000. Total of 24 eligible applications for the allications.
(https://meetings.cityofsydney.nsw.gov.au/documents/s74064/Grants%20and%20Sponsorship%20-%20Environmental%20Grants.pdf) ","Assessment criteria:
- evidence of the need for the project and proposed outcomes
- capacity and experience of the applicant to deliver the project
- demonstrated connection and benefit to the local area and community
- evidence of diversity, inclusion and equity in the planning and delivery of the project
- how the project delivers against the funding priorities.

Questions asked in application during assessment stage:
- Why is there a need for the project and what are the proposed outcomes?
- What is your experience in delivering projects?
- How does the project rate against the funding priorities?
",1 July 2025,30 June 2026,City of Sydney,N/A,"Next applications open and close in early 2025; recommendations to Council in June 2025

The program was implemented in previous years (as early as 2023/24). List of past grant recipients for the green building grant: https://www.cityofsydney.nsw.gov.au/research-reports/approved-grants",cityconcierge@cityofsydney.nsw.gov.au,https://www.cityofsydney.nsw.gov.au/environmental-support-funding/green-building-grants
Sydney,City of Sydney Council,Education and Awareness Programs,Smart Green Apartments,Current,"Free expert advice to reduce energy and water use in apartment buildings.

Each participating strata plan receives:
- energy and water assessments – NABERS rating
- an energy action plan with recommended improvements
- a presentation on NABERS ratings and energy action plans
- tailored advice on improving waste management and recycling
- a WaterFix program by Sydney Water, if the building meets certain criteria
- access to webinars, resources and opportunities to connect with people in other buildings through our leadership network.",Apartments,Free advice,Free,"Selected by application. Buildings will be chosen based on:
- capacity and commitment to improve environmental performance and resilience
- potential for making big savings – we’ll consider issues like the size and complexity of your building, and the amount of energy and water consumed.",2016,Unclear,City of Sydney Council,"- The Council has worked with 270 buildings, including 16,407 apartments.
- On average, the Council has identified that buildings can reduce their energy use by 30%.
- Since 2016, participants have saved $9,664,904 in energy and water bills.",N/A,cityconcierge@cityofsydney.nsw.gov.au,"https://www.cityofsydney.nsw.gov.au/environmental-support-funding/smart-green-apartments

https://www.cityofsydney.nsw.gov.au/research-reports/smart-green-apartments-annual-report"
Sydney,City of Sydney Council,Building Energy Standards,Passed motion for new homes and businesses to be all-electric.,Current,"On 23 August 2023, the Council passed a motion to ban gas in new homes and businesses in the LGA. 

This will involve inserting new clauses into the council’s planning rules to require new homes and businesses to include electric appliances like stoves, cooktops, heaters and hot water units, instead of gas ones.",(New) Houses; businesses,N/A,N/A,N/A,23 August 2023,N/A,City of Sydney,"Research by 350 Australia shows that the ban could cut carbon emissions across the LGA by 1.7 million tonnes over the 40 year life of a dwelling.

https://www.governmentnews.com.au/councils-throw-down-gauntlet-to-state-government-over-gas-ban/",N/A,cityconcierge@cityofsydney.nsw.gov.au,"https://www.theguardian.com/australia-news/2023/aug/25/sydney-city-council-gas-ban-new-buildings-proposal

https://thepropertytribune.com.au/business-industry/the-city-of-sydney-votes-to-ban-gas-in-new-homes-and-businesses/

https://www.governmentnews.com.au/councils-throw-down-gauntlet-to-state-government-over-gas-ban/"
Waverley,Waverley Council,Building Energy Standards,Development Control Plan (Waverley DCP 2022),Current,"New and revised provisions in respect of:
- Thermal Safety - requiring high-performance glazing for windows and skylights, ceiling fans in all habitable rooms, vegetation for cooling and light-coloured roofs
- Indoor Air Quality - preventing the installation of gas stoves, gas ovens and gas space heating in residential development. This will also enable these developments to reach net zero greenhouse gas emissions.
- Uptake for Electric Vehicles - requiring certain new developments to include EV charging and or supporting power infrastructure
- Transition to Low Emissions living - requiring all homes to include designs for future all electric capacity and power by renewable energy.
- Sustainability performance of office buildings, shops, hotels, aged care and retirement living - requiring improved energy and water ratings and commitment agreements under the National Built Environment Rating Scheme (NABERS)
- Cooling and shading of neighbourhoods by strengthening protection for existing tree canopy on private land.
- Running costs through ensuring energy efficiency measures that reduce energy demand.",Residential development and new proposals,N/A,N/A,N/A,7 December 2022,N/A,Waverley Council,N/A,N/A,"media@waverley.nsw.gov.au

0416 075 532",https://www.waverley.nsw.gov.au/top/news_and_media/council_news/all/2023/development_control_plans_in_the_news
Waverley,Waverley Council,Home Electrification,Gas ban,Current,"On 7 December 2022, Waverley Council implemented changes to its Development Control Plan to require new residential buildings be fitted with all-electric indoor appliances (cooktops, ovens and internal space heaters) to improve indoor air quality and local health outcomes.",Houses; apartments,N/A,N/A,N/A,7 December 2022,N/A,Waverley Council,N/A,N/A,environment@waverley.nsw.gov.au,https://350.org.au/electrify-your-council-council-tracker/
Waverley,Waverley Council,Energy Audits and Ratings,Building Futures strata program,Current,"Building Futures is a free Council program to help large buildings (25+ apartments or commercial lots) to save money on their energy and water bills and improve environmental performance. Participating buildings work towards reducing common area energy use by 20%, reducing operating costs and greenhouse emissions.

Successful applicants receive:
- Energy assessments of common areas, costed recommendations and implementation support
- Up to $1000 matched funding towards one or more implemented efficiency upgrades
- A rooftop solar assessment
- Assessment of water consumption through Sydney Water’s WaterFix program
- Access to Waverley Council’s apartment recycling resources",Apartments,Various,Free,"To be eligible for Building Futures, buildings must be:
- Strata titled or deposited plan (residential or non-residential)
- 25+ apartments or commercial lots
- Located in the Waverley Local Government Area",1 August 2024,30 June 2025,Waverley Council,N/A,N/A,environment@waverley.nsw.gov.au,https://www.waverley.nsw.gov.au/environment/climate_resilience_and_reducing_emissions/building_futures_strata_program
Waverley,Waverley Council,Financial Incentives,Sustainability Rebates for Apartments (trial),Current,"As part of a 12-month trial, apartment buildings in Waverley can receive up to $5,000 total in rebates for undertaking:
- common area energy assessments (including energy audit, electric vehicle feasibility, solar feasibility and NABERS for Apartment Buildings ratings): 50% up to $1,000  
- installing rooftop solar: 20% rebate up to $4,000
- electrifying centralised hot water systems: 20% rebate up to $4,000 
- electrifying swimming pool heating systems: 20% rebate up to $1,000 for pool or spa gas to electric",Apartments,Rebate,"Maximum $5,000",Must be apartment buildings in the Waverley LGA,1 July 2023,31 December 2024,Waverley Council,N/A,N/A,environment@waverley.nsw.gov.au,https://rebately.co/waverley/
Waverley,Waverley Council,Solar and Battery Systems,Strata Consultations - Rooftop Solar,Historical,Free 30 minute online consultation with an independent rooftop solar expert.,Apartments,Advice,Free,"Applicants are required to submit a form which will require a copy of the strata electricity bill and photos of the electricity meter. Consultations require at least two strata committee members and/or building managers.
",Applicants closed 30 June 2023,Unclear,Woollahra Muncipal Council,N/A,"Available in Randwick, Waverley and Woollahra.",9391 7000,https://airtable.com/appqnFbSWZRn8dwLL/shrTNP7oCkRWLkqJt
Woollahra,Woollahra Municipal Council,Solar and Battery Systems,Strata Consultations - Rooftop Solar,Historical,Free 30 minute online consultation with an independent rooftop solar expert.,Apartments,Advice,Free,"Applicants are required to submit a form which will require a copy of the strata electricity bill and photos of the electricity meter. Consultations require at least two strata committee members and/or building managers.
",Applicants closed 30 June 2023,Unclear,Woollahra Muncipal Council,N/A,"Available in Randwick, Waverley and Woollahra.",9391 7000,https://airtable.com/appqnFbSWZRn8dwLL/shrTNP7oCkRWLkqJt
Randwick,Randwick City Council,Solar and Battery Systems,Strata Consultations - Rooftop Solar,Historical,Free 30 minute online consultation with an independent rooftop solar expert.,Apartments,Advice,Free,"Applicants are required to submit a form which will require a copy of the strata electricity bill and photos of the electricity meter. Consultations require at least two strata committee members and/or building managers.
",Applicants closed 30 June 2023,Unclear,Woollahra Muncipal Council,N/A,"Available in Randwick, Waverley and Woollahra.",9391 7000,https://airtable.com/appqnFbSWZRn8dwLL/shrTNP7oCkRWLkqJt
Randwick,Randwick City Council,Home Electrification,Sustainability rebates (existing) - Electric vehicle charger,Current,"Rebate for installation of electric vehicle charger at home.
",House; apartment; business,Rebate,"Rebate:
- Household: 25% up to $250
- Apartment Block: 25% up to $5,000
- Business: 25% up to $1,000","- Only available for properties in the Randwick Local Government Area.
- Must be an electric vehicle charger (or electric vehicle infrastructure in apartment blocks).
- Must be installed by a licenced electrician.
- Installed within the past 12 months.
- Not required for BASIX or Development Application Compliance purposes.",1 January 2021,N/A,Randwick City Council,"""As of 30 June 2021, 263 rebates have been provided to the community, costing Council
approximately $150,000. An additional $1.5 million of investment has been leveraged from the
community for energy and water saving initiatives. The rebates have resulted in 6 energy
assessments, 5 hot water systems, 29 insulation installations, 606 LEDs upgraded across 27
properties, 13 rainwater tanks, 157 rooftop solar and 16 battery installations, and more. Rooftop
solar has been of key interest to the community, with a total of 1,300 kW of solar being
installed.

The impact of the Sustainability Rebates is estimated at savings of 1,600 megawatt-hours of
electricity, 1,400 tonnes of carbon dioxide equivalent, 800 kilolitres of water, and $250,000 in
electricity bills each year. Surveyed recipients found that 100% would recommend the program
to other residents and over 75% of residents have stated that the rebate had a ‘high’ or ‘very
high’ impact on their decision to move ahead with their particular energy or water saving
purchase or installation.""

(Local Government NSW report: https://lgnsw.org.au/common/Uploaded%20files/Environment_Awards/2021/Randwick_sustainability_rebates.pdf)",N/A,sustainability@randwick.nsw.gov.au,"https://www.randwick.nsw.gov.au/business/business-resources/sustainability-rebates

https://www.randwick.nsw.gov.au/__data/assets/pdf_file/0010/346618/Community-Sustainable-Guidelines-Community-Investment-Program.pdf

https://lgnsw.org.au/common/Uploaded%20files/Environment_Awards/2021/Randwick_sustainability_rebates.pdf"
Randwick,Randwick City Council,Energy Audits and Ratings,Sustainability rebates - Energy assessment,Current,Rebate for Residential Efficiency Scorecard Assessments (and other general energy assessment) for the purpose of knowing where/how to reduce energy use.,Houses; apartments; businesses,Rebate,"Rebate:
- Household: 50% up to $150
- Apartment Block: 50% up to $1,000
- Business: 50% up to $500","- Only available for properties in the Randwick Local Government Area.
- For Households: includes Residential Efficiency Scorecard Assessments and general assessments.
- For Apartment Blocks: includes NABERS Ratings, electric vehicle charging assessments and solar assessments.
- For Businesses: includes general assessments.
- Must be completed by a licenced professional.
- Completed within the past 12 months.",Unclear,N/A,Randwick City Council,See above.,N/A,sustainability@randwick.nsw.gov.au,"https://www.randwick.nsw.gov.au/business/business-resources/sustainability-rebates

https://www.randwick.nsw.gov.au/__data/assets/pdf_file/0010/346618/Community-Sustainable-Guidelines-Community-Investment-Program.pdf"
Randwick,Randwick City Council,Hot Water System Upgrades,Sustainability rebates - Hot water system,Current,Rebate for hot water system. Also eligible for the Federal Government's STC rebate and the State Government's ESC rebate when installing an electric heat pump or rooftop solar hot water system.,Houses; apartments; businesses,Rebate,"Rebate:
- Household: 25% up to $500
- Apartment Block: 25% up to $5,000
- Business: 25% up to $1,000
","- Only available for properties in the Randwick Local Government Area.
- Must be a Clean Energy Council Accredited electric heat pump or rooftop solar hot water system.
- Excludes swimming pool heat pumps.
- Installed within the past 12 months.
- Not required for BASIX or Development Application Compliance purposes.",Unclear,N/A,Randwick City Council,See above.,N/A,sustainability@randwick.nsw.gov.au,"https://www.randwick.nsw.gov.au/business/business-resources/sustainability-rebates

https://www.randwick.nsw.gov.au/__data/assets/pdf_file/0010/346618/Community-Sustainable-Guidelines-Community-Investment-Program.pdf"
Randwick,Randwick City Council,Appliance and Lighting Efficiency,Sustainability rebates - Induction cooktop,Current,Rebate for induction cooktops.,Houses; apartments; businesses,Rebate,"Rebate:
- Household: 25% up to $250
- Business: 25% up to $500","- Only available for properties in the Randwick Local Government Area.
- Must replace either a gas or electric (non-induction) cooktop.
- Must be installed by a licenced electrician.
- Installed within the past 12 months.
- Not required for BASIX or Development Application Compliance purposes.",Unclear,N/A,Randwick City Council,See above.,N/A,sustainability@randwick.nsw.gov.au,"https://www.randwick.nsw.gov.au/business/business-resources/sustainability-rebates

https://www.randwick.nsw.gov.au/__data/assets/pdf_file/0010/346618/Community-Sustainable-Guidelines-Community-Investment-Program.pdf"
Randwick,Randwick City Council,Thermal Efficiency Upgrades,Sustainability rebates - Insulation,Current,Rebate for insulation.,Houses; apartments; businesses,Rebate,"Rebate:
- Household: 25% up to $500
- Apartment Block: 25% up to $2,000
- Business: 25% up to $1,000","- Only available for properties in the Randwick Local Government Area.
- Must be installed by a professional installer.
- Ceiling insulation must have a minimum R value of 3.5.
- Sub-floor insulation must have a minimum R value of 1.4.
- Installed within the past 12 months.
- Not required for BASIX or Development Application Compliance purposes.",Unclear,N/A,Randwick City Council,See above.,N/A,sustainability@randwick.nsw.gov.au,"https://www.randwick.nsw.gov.au/business/business-resources/sustainability-rebates

https://www.randwick.nsw.gov.au/__data/assets/pdf_file/0010/346618/Community-Sustainable-Guidelines-Community-Investment-Program.pdf"
Randwick,Randwick City Council,Appliance and Lighting Efficiency,Sustainability rebates - Lighting,Current,Rebate for replacing old halogen/fluorescent/incandescent lights with efficient LED lights.,Houses; apartments; businesses,Rebate,"Rebate:
- Household: 25% up to $250
- Apartment Block: 25% up to $5,000
- Business: 25% up to $1,000","- Only available for properties in the Randwick Local Government Area.
- Must replace either halogen, fluorescent or incandescent lights.
- Must be installed by a licenced electrician.
- Installed within the past 12 months.
- Not required for BASIX or Development Application Compliance purposes.
",Unclear,N/A,Randwick City Council,See above.,N/A,sustainability@randwick.nsw.gov.au,"https://www.randwick.nsw.gov.au/business/business-resources/sustainability-rebates

https://www.randwick.nsw.gov.au/__data/assets/pdf_file/0010/346618/Community-Sustainable-Guidelines-Community-Investment-Program.pdf"
Randwick,Randwick City Council,Appliance and Lighting Efficiency,Sustainability rebates - Pool pump,Current,Rebate for efficient pool pumps with a minimum 7 Energy Star Rating.,Houses; apartments; businesses,Rebate,"Rebate:
- Household: 50% up to $250
- Apartment Block: 50% up to $250
- Business: 50% up to $250","- Only available for properties in the Randwick Local Government Area.
- New pool pumps (and controllers) must have a minimum 7 Energy Star Rating (find your rating).
- Must be installed by a licenced professional for swimming pool filtration only.
- Installed within the past 12 months.
- Not required for BASIX or Development Application Compliance purposes.",Unclear,N/A,Randwick City Council,See above.,N/A,sustainability@randwick.nsw.gov.au,"https://www.randwick.nsw.gov.au/business/business-resources/sustainability-rebates

https://www.randwick.nsw.gov.au/__data/assets/pdf_file/0010/346618/Community-Sustainable-Guidelines-Community-Investment-Program.pdf"
Randwick,Randwick City Council,Appliance and Lighting Efficiency,Sustainability rebates - Rainwater tank,Current,"Rebate for installation of rainwater tanks with a minimum capacity of 1,000 litres.",Houses; apartments; businesses,Rebate,"Rebate:
- Household: 25% up to $250
- Apartment Block: 25% up to $2,000
- Business: 25% up to $1,000","- Only available for properties in the Randwick Local Government Area.
- Minimum capacity of 1,000 litres.
- Must be installed by a licensed plumber.
- Installed within the past 12 months.
- Not required for BASIX or Development Application Compliance purposes.",Unclear,N/A,Randwick City Council,See above.,N/A,sustainability@randwick.nsw.gov.au,"https://www.randwick.nsw.gov.au/business/business-resources/sustainability-rebates

https://www.randwick.nsw.gov.au/__data/assets/pdf_file/0010/346618/Community-Sustainable-Guidelines-Community-Investment-Program.pdf"
Randwick,Randwick City Council,Solar and Battery Systems,Sustainability rebates - Rooftop solar,Current,Rebate for installation of rooftop solar.,Houses; apartments; businesses,Rebate,"Rebate:
- Household: 10% up to $500
- Apartment Block: 10% up to $5,000
- Business: 10% up to $1,000","- Only available for properties in the Randwick Local Government Area.
- Must be installed by a Clean Energy Council or New Energy Tech Consumer Code (NETCC) Accredited Installer.
- Installed within the past 12 months.
- Not required for BASIX or Development Application Compliance purposes.",Unclear,N/A,Randwick City Council,See above.,N/A,sustainability@randwick.nsw.gov.au,"https://www.randwick.nsw.gov.au/business/business-resources/sustainability-rebates

https://www.randwick.nsw.gov.au/__data/assets/pdf_file/0010/346618/Community-Sustainable-Guidelines-Community-Investment-Program.pdf"
Randwick,Randwick City Council,Solar and Battery Systems,Sustainability rebates - Solar battery,Current,Rebate for installation of solar battery.,Houses; apartments; businesses,Rebate,"Rebate:
- Household: 10% up to $1,000
- Apartment Block: 10% up to $2,000
- Business: 10% up to $1,000","- Only available for properties in the Randwick Local Government Area.
- Must be installed by a Clean Energy Council or New Energy Tech Consumer Code (NETCC) Accredited Installer.
- Installed within the past 12 months.
- Not required for BASIX or Development Application Compliance purposes.",Unclear,N/A,Randwick City Council,See above.,N/A,sustainability@randwick.nsw.gov.au,"https://www.randwick.nsw.gov.au/business/business-resources/sustainability-rebates

https://www.randwick.nsw.gov.au/__data/assets/pdf_file/0010/346618/Community-Sustainable-Guidelines-Community-Investment-Program.pdf"
Randwick,Randwick City Council,Solar and Battery Systems,Sustainability rebates - Solar health check,Current,Rebate for solar health check to inform whether rooftop solar is working effectively.,Houses; apartments; businesses,Rebate,"Rebate:
- Household: 50% up to $100
- Apartment Block: 50% up to $100
- Business: 50% up to $100
","- Only available for properties in the Randwick Local Government Area.
- Must be completed by a licenced electrician.
- Provided within the past 12 months.",Unclear,N/A,Randwick City Council,See above.,N/A,sustainability@randwick.nsw.gov.au,"https://www.randwick.nsw.gov.au/business/business-resources/sustainability-rebates

https://www.randwick.nsw.gov.au/__data/assets/pdf_file/0010/346618/Community-Sustainable-Guidelines-Community-Investment-Program.pdf"
Randwick,Randwick City Council,Hot Water System Upgrades,Sustainability rebates - Waterfix,Current,"Rebate for replacement of inefficient taps, showerheads, toilets, aerators and leak repairs through Sydney Water's initiatve WaterFix Residential and WaterFix Strata.",Houses; apartments; businesses,Rebate,"Rebate:
- Household: 25% up to $250
- Apartment Block: 25% up to $2,000
- Business: 25% up to $1,000
","- Only available for properties in the Randwick Local Government Area.
- Must be completed by a Sydney Water WaterFix® plumber.
- Completed within the past 12 months.",Unclear,N/A,Randwick City Council,See above.,N/A,sustainability@randwick.nsw.gov.au,"https://www.randwick.nsw.gov.au/business/business-resources/sustainability-rebates

https://www.randwick.nsw.gov.au/__data/assets/pdf_file/0010/346618/Community-Sustainable-Guidelines-Community-Investment-Program.pdf"
Randwick,Randwick City Council,Heating and Cooling Upgrades,Sustainability rebates (additional),Current,"An energy and water saving initiative where properties in Randwick can receive up to $5,000 in rebates for purchasing rooftop solar, rainwater tanks, pool pumps, insulation, or one or more of the other current rebate items (see above).","All Randwick properties (houses, units, businesses) - stats show vast majority are houses",Rebate,"Maximum $5,000",Sustainable Product must have been installed or undertaken in the past 12 months.,1 November 2020,N/A,Randwick City Council,N/A,N/A,sustainability@randwick.nsw.gov.au,"https://www.randwick.nsw.gov.au/business/business-resources/sustainability-rebates

https://www.randwick.nsw.gov.au/business/business-resources/sustainability-rebates/sustainability-rebates-results

https://rebately.co/randwick/"
Bayside,Bayside Council,Building Energy Standards,Development Control Plan,Current,Broadly supports energy and environmental sustainability within the objectives of its Development Control Plan at page 25. The DCP provides general guidelines/principles.,Houses; apartments; businesses,N/A,N/A,N/A,10 April 2023,N/A,Bayside Council,N/A,N/A,"council@bayside.nsw.gov.au

9562 1666",https://www.bayside.nsw.gov.au/sites/default/files/2023-04/bayside_development_control_plan_2022.PDF
Canada Bay,City of Canada Bay Council,Education and Awareness Programs,SunSpot,Current,Canada Bay Council subscribes to SunSpot to provide residents with assistance on the type of solar panel suited to their house.,Houses,Information,Free,N/A,Unclear,N/A,SunSpot & City of Canada Bay Council,N/A,N/A,"environment@canadabay.nsw.gov.au

9911 6555",https://collaborate.canadabay.nsw.gov.au/energyprograms
Canada Bay,City of Canada Bay Council,Energy Audits and Ratings,Energy Audit for Apartments,Current,"Limited number of free Solar Feasibility and Energy Assessments available for apartments blocks, to identify what energy saving measures suit their buildings.",Apartments,Assessment & Advice/Information,Free,"To be eligible for this program, applicants must:
- Be located in the City of Canada Bay Council area.
- Commit to implementing energy saving measures equivalent to the audit value that is paid by Council to Wattblock (between $1000 - $3,500) within 1 year of receiving the report.
- Commit to participating in a Council run case study.

Buildings will be selected on the basis of their:
- Energy consumption.
- Size and complexity.
- Capacity of owners corporations to implement upgrades.
- Online application",2019,N/A,City of Canada Bay Council,Canada Bay Council has supported more than 10 apartment buildings with energy and sustainability assessments since 2019.,"Applicants require a written approval from their strata committee to participate in the program and a current copy of their energy bills.

Limited spaces are available for this program.","environment@canadabay.nsw.gov.au

9911 6555",https://collaborate.canadabay.nsw.gov.au/buildingsnetwork/solarprograms
Canada Bay,City of Canada Bay Council,Building Energy Standards,Passed motion for new homes and businesses to be all-electric.,Current,"On 19 September 2023, the Council unanimously passed the motion to ban gas cooking and space heating applicances in new buildings in Canada Bay.",(New) Houses; apartments; businesses,N/A - gas ban,N/A,N/A,19 September 2023,N/A,City of Canada Bay Council,"Research by Strategy Policy Research shows that this policy could save 344,343 tonnes of carbon emissions within Canada Bay LGA compared with business as usual over 40 years. It could also save new households an average of $432 per year in energy bills (about $5,500 over a 40-year life of a dwelling) which amounts to $44.9 million for all new homes across the LGA.

https://350.org.au/files/2023/08/Analysis_-City-of-Sydney-ban-on-new-gas-connections-3.pdf",N/A,"environment@canadabay.nsw.gov.au

9911 6555","https://canadabaygreens.org/creating-all-electric-homes-and-businesses-in-canada-bay-lga/

https://350.org.au/press-release/city-of-canada-bay-joins-growing-council-led-movement-towards-all-electric-gas-free-new-homes-and-businesses/

https://350.org.au/files/2023/08/Analysis_-City-of-Sydney-ban-on-new-gas-connections-3.pdf"
Inner West,Inner West Council,Education and Awareness Programs,Borrow a thermal imaging camera,Current,The Council has two thermal imaging cameras available for residents to borrow at no charge from the Green Living Centre.,Houses; apartments,Borrow thermal camera,Free,N/A,Unclear,N/A,Inner West Council,N/A,N/A,"education@greenlivingcentre.org.au

9335 2129 (Green Living Centre)",https://www.innerwest.nsw.gov.au/live/environment-and-sustainability/at-home/electrify-your-home
Inner West,Inner West Council,Education and Awareness Programs,Borrow a power kit,Current,"Power-Mates can be borrowed free of charge from the Green Living Centre and can be used to monitor the energy consumption of different appliances in your home. The Power-Mate will even estimate the average costs of running the appliance over the year, both in dollar value and in terms of greenhouse gas emissions.",Houses; apartments,Borrow thermal camera,Free,N/A,Unclear,N/A,Inner West Council,N/A,N/A,"education@greenlivingcentre.org.au

9335 2129 (Green Living Centre)",https://www.innerwest.nsw.gov.au/live/environment-and-sustainability/at-home/electrify-your-home
Inner West,Inner West Council,Solar and Battery Systems,Go solar for strata,Current,"Council is supporting apartments and townhouses (strata) to go solar. The focus is to support the 75 strata properties who have received a Council funded independent solar feasibility study in 2021-2022 to progress to solar installation.

The program involves:
- A free solar feasibility assessment conducted by independent industry specialists
- A detailed report which clearly illustrates the environmental and financial case for rooftop solar
- Phone/online video conferencing support at strata meetings, if requested, to help communicate the benefits",Apartments,Various,Free,"Targeted towards strata residents, committee members, strata managers, building or facilities managers.",Unclear,Unclear,Inner West Council,N/A,N/A,"council@innerwest.nsw.gov.au

02 9392 5000",https://www.innerwest.nsw.gov.au/live/environment-and-sustainability/at-home/go-solar/solar-for-apartments-and-townhouses/go-solar-for-strata
Ryde,Ryde City Council,Home Electrification,Gas ban,Current,"In August 2023, the Council banned gas applicances in residential premises.",Houses; apartments,N/A - gas ban,N/A,N/A,Unclear,N/A,Ryde City Council,N/A,N/A,cityofryde@ryde.nsw.gov.au,https://350.org.au/detailed-policy-guide-to-all-electric-gas-free-new-homes-and-businesses/
Burwood,Burwood Council,Education and Awareness Programs,Energy efficiency education and promotional campaigns,Future,"The Sustainable Burwood Plan provides that the Council will provide more energy efficiency education and campaigns.

https://www.burwood.nsw.gov.au/For-Residents/Our-Environment/Sustainable-Living/Sustainable-Burwood",General,N/A - education program,N/A,N/A,Unclear,N/A,Burwood Council,N/A,"Burwood Council 'promotes' that its residents switch to a GreenPower electricity plan. 

There are no other clear indicators as to any existing schemes/initiatives undertaken by Burwood Council in respect of energy efficiency in residential housing.

","council@burwood.nsw.gov.au

9911 9911

",https://www.burwood.nsw.gov.au/For-Residents/Our-Environment/Sustainable-Living/Sustainable-Burwood
Strathfield,Strathfield Council,,None,,,,,,,,,,,,,
Canterbury-Bankstown,Canterbury-Bankstown Council,Solar and Battery Systems,Solar rebate program,Current,Rebate of up to $500 to residents for installing solar photovoltaic (solar PV) on residential properties in Canterbury-Bankstown. This initiative is part of Council’s target to increase rooftop solar on single unit dwellings to 50% by 2036 and to support residents choosing renewable solar energy for their homes.  ,Houses,Rebate,Maximum $500,"- The applicant property must be located within the Canterbury-Bankstown Local Government Area.
- The applicant property must not have an existing solar PV system installed.
- The applicant must either be the owner or landlord of the property and the applicant can only apply for a rebate for one property.
- The installer for the solar PV system must be accredited by Solar Accreditation Australia (SAA) and the installation must be carried out by a licensed electrician and meet all relevant installation standards. You can check for your installer's SAA accreditation here. 
- Properties under a strata scheme are not eligible.
- The solar PV system installed must be new and must not have been previously used - Solar PV systems installed before the launch of the Solar Rebate program on 15 June 2023 are not eligible.
- To apply for the rebate, your solar PV must have been installed within the last 3 months of applying for the rebate.",15 June 2023,N/A - available until funding is exhausted,Canterbury-Bankstown Council,N/A,"No pre-approvals required.

Retrospective rebate applications beyond 3 months from the date of application are not available.

The Council recommends requesting a minimum of three quotes from an installation company on the New Energy Tech Consumer Code (NETCC) list of New Energy Tech Approved Sellers: https://www.newenergytech.org.au/find-an-approved-seller","sustainabilty@cbcity.nsw.gov.au

9707 9000","https://www.cbcity.nsw.gov.au/environment/environmental-programs-and-initiatives/solar-rebate-program

https://rebately.co/cbcity/"
Georges River,Georges River Council,Education and Awareness Programs,Our Energy Future,Current,"Georges River Council participates in the Our Energy Future program, which focuses on building the capacity of community groups to disseminate information about solar panels and energy efficiency opportunities for households.",Houses; Apartments,N/A,N/A,N/A,Unclear,N/A,Georges River Council,N/A,N/A,"mail@georgesriver.nsw.gov.au

(02) 9330 6400",https://www.georgesriver.nsw.gov.au/Environment/Sustainability/Renewable-energy-and-Energy-Efficiency
Georges River,Georges River Council,Community Energy Projects,Georges River Council’s Environmental Resilience Action Plan 2022-2040,Current,An action plan to guide the Council towards the delivery of its environmental sustainability goals.,N/A,N/A,N/A,N/A,2022,2040,N/A,N/A,N/A,"mail@georgesriver.nsw.gov.au

(02) 9330 6400",https://www.georgesriver.nsw.gov.au/StGeorge/media/Documents/Council/Plans%20and%20Documents/Environmental-Resilience-Action-Plan-2022-2040.pdf
Sutherland Shire,Sutherland Shire Council,Education and Awareness Programs,Sustainability kit,Current,"Residents can borrow a sustainability kit to determine the energy efficiency of home applicances, identify air leaks and other insulation gaps.",Houses; Apartments,Borrow thermal camera,N/A,N/A,Unclear,N/A,Sutherland Shire Council,N/A,N/A,(02) 9710 0351,https://www.sutherlandshire.nsw.gov.au/subsites/libraries/whats-on/sustainability/sustainability-kit
Hornsby,Hornsby Shire Council,Education and Awareness Programs,Save Power Kit and Thermal Cameras,Current,Save Power Kits can help residents find out which of their appliances are using the most energy. Thermal Cameras can help locate insulation and draught problems in homes.,Houses; Apartments,Borrow thermal camera,N/A,N/A,Unclear,N/A,Hornsby Shire Council,N/A,N/A,"hsc@hornsby.nsw.gov.au

02 9847 6666",https://www.hornsby.nsw.gov.au/environment/sustainability/in-the-home
Hornsby,Hornsby Shire Council,Home Electrification,Gas ban,Current,"At its 14 August 2024 Council meeting, Hornsby Shire Council voted unanimously to adopt changes to its Development Control Plan to ensure that new homes built in the LGA are to be fitted with electric indoor appliances (cooktops, heaters and ovens).",Houses; Apartments,N/A,N/A,N/A,14 August 2024,N/A,Hornsby Shire Council,N/A,N/A,"hsc@hornsby.nsw.gov.au

02 9847 6666",https://350.org.au/electrify-your-council-council-tracker/
Ku-ring-gai,Ku-ring-gai Council,Appliance and Lighting Efficiency,Smart Units rebates,Current,"The rebates are designed to support apartment blocks.

Rebates (50% of cost):
- Smart enabled shared electric car charging station or Infrastructure to support individual charging points to a minimum 5 residential parking lots (eg. upgrade of distribution board and cable infrastructure) - maximum $2,000
- Shared solar PV connected to a minimum of 8 residential units - maximum $4,000
- Replacement of centralised gas hot water system with heat-pump hot water system - maximum $2,000
- Energy efficiency upgrades in common areas as recommended by a mandatory Level 2 energy audit (eg. LED lighting, ventilation, pool pump upgrades, solar PV etc.) - maximum $4,000",Apartments,Rebate,"Maximum $6,000",N/A,2023,N/A - until funds exhausted,Ku-ring-gai Council,N/A,"The program offers a maximum of $60,00 in rebates to apartment blocks. Applications open until funds are exhausted.

",sustainability@krg.nsw.gov.au,https://www.krg.nsw.gov.au/Environment/Sustainable-living/Claim-a-rebate/Smart-Units-rebates
Ku-ring-gai,Ku-ring-gai Council,Appliance and Lighting Efficiency,Pool pump rebate,Current,"$250 rebates available for Ku-ring-gai residents who replace existing inefficient, single-speed pool pumps with an energy efficient pool pump (6-star rated and above as listed by Greenhouse & Energy Minimum Standards Regulator).",Houses,Rebate,Maximum $250,N/A,2024,24 June 2025 or until funds exhausted,Ku-ring-gai Council,N/A,"- Applicants will have 21 days from when written pre-approval is provided by Council to complete installation and return the required paperwork (or by 25 June 2025 - whichever is earlier).
- Properties that have received a pool pump in the past are not eligible to apply again.
- Rebates are only available for replacement of single speed pool pumps that are used for general filtration.

Pre-approval for the pump is required.",sustainability@krg.nsw.gov.au,https://www.krg.nsw.gov.au/Environment/Sustainable-living/Claim-a-rebate/Get-energy-smart/Pool-pump-rebate
Hunters Hill,Hunter's Hill Council,,None,,,,,,,,,,,,,
Northern Beaches,Northern Beaches Council,Education and Awareness Programs,Energy and Solar Expert Advisory Service,Current,"The energy and solar experts can provide advice to help Northern Beaches households and businesses improve energy efficiency, install solar and reduce carbon emissions. In the free 20-minute phone conversation/appointment, the experts can discuss energy efficiency, solar (including solar for strata), solar batteries, electrification, EV charging.",Houses; apartments; businesses,Free advice/consultation,N/A,None,Unclear,Unclear,Northern Beaches Council,N/A,Free 20-minute phone conversations on Mondays from 5-7pm and Tuesdays from 9-11am (except on public holidays).,"sustainability@northernbeaches.nsw.gov.au

1300 434 434",https://www.northernbeaches.nsw.gov.au/environment/climate-emergency-and-sustainability/solar-and-energy/energy-and-solar-expert-advisory
Willoughby,Willoughby City Council,Education and Awareness Programs,Thermal camera,Current,"Residents can borrow a thermal camera from from Willoughby City Library in Chatswood. The camera can be loaned out to residents with a current full Willoughby City Council Library membership, for a period of 3 weeks. The thermal camera can be used to identify warm or cold air leaks into homes, such as gaps around windows, doors and insulation (walls, ceiling, floor).",Houses; apartments; businesses,Borrow thermal camera,N/A,None,Unclear,Unclear,Willoughby City Council,N/A,N/A,"email@willoughby.nsw.gov.au

+61 (2) 9777 1000",https://www.willoughby.nsw.gov.au/Environment/Sustainable-Living/Save-energy-in-your-home
Willoughby,Willoughby City Council,Solar and Battery Systems,Solar Power Bulk Buy,Current,Council has partnered with a reputable solar power supplier to provide residents with quality solar power and battery products at a preferential Willoughby City Council price.,Houses,Reduced solar power installation price,"See website for pricing on different products.

https://www.willoughby.nsw.gov.au/Environment/Sustainable-Living/Renewable-Energy/Solar-Power-Bulk-Buy",None,Unclear ,Unclear,Solarpro,N/A,N/A,"Council:
email@willoughby.nsw.gov.au
02 9777 1000
Peter Lisle, Sustainability Team Leader - peter.lisle@willoughby.nsw.gov.au or 02 9777 7614.

Solarpro:
02 9453 1485 
",https://www.willoughby.nsw.gov.au/Environment/Sustainable-Living/Renewable-Energy/Solar-Power-Bulk-Buy
Willoughby,Willoughby City Council,Energy Audits and Ratings,Free level 1 energy audit,Current,Council can help simplify the process of choosing the right solar system by providing funding for a free level 1 energy audit conducted by an independent consultancy service for a limited number of residential strata buildings. This service provides advice on the installation of a solar PV system unique for your building.,Apartments,Free energy audit,N/A,"There is an eligibility criteria, but the criteria is unclear.",Unclear,Unclear,Willoughby City Council,N/A,"Applicant must be a member of a strata committee or own a residential strata.

There are eligibility criteria that strata need to meet in order to access this service, and there are a limited number available.","email@willoughby.nsw.gov.au

02 9777 1000",https://www.willoughby.nsw.gov.au/Environment/Sustainable-Living/Renewable-Energy/Solar-for-apartments
Willoughby,Willoughby City Council,Education and Awareness Programs,How to conduct your own home energy audit - webinar,Historical,Zoom webinar on how to conduct own home energy audit.,General,N/A,N/A,N/A,N/A,N/A,Willoughby City Council,N/A,N/A,"email@willoughby.nsw.gov.au

02 9777 1000",https://www.willoughby.nsw.gov.au/Eventbrite/How-to-conduct-your-own-home-energy-audit-webinar-158529842025
Lane Cove,Lane Cove Municipal Council,Solar and Battery Systems,Sustainability Rebates - Solar panels,Current,Rebate for installation of solar panels.,Houses; apartments; businesses,Rebate,"Rooftop solar panel - Rebate:
- House: 25% up to $500
- Unit (lot): 25% up to $1,000
- Unit (common area): 25% up to $5,000
- Business: 25% up to $1,000

Solar battery - Rebate:
- House: 10% up to $1,000
- Unit (lot or common area): 10% up to $1,000
- Business: 10% up to $1,000","- Must be installed by a Clean Energy Council Accredited Installer.

See full eligibility criteria here: https://ecouncil.lanecove.nsw.gov.au/TRIM/documents_TE/421887176/TRIM_Sustainability%20Rebates%20-%20Guidelines_1709875.PDF",Unclear,Unclear,Lane Cove Municipal Council,N/A,N/A,"Lane Cove Municipal Council
Alicia Lloyd, Sustainability Coordinator – Community Programs
(02) 9911 3607
alloyd@lanecove.nsw.gov.au

sustainability@lanecove.nsw.gov.au
(02) 9911 3607","https://www.lanecove.nsw.gov.au/Environment-Sustainability/Sustainability/Sustainability-Programs-and-Rebates/Sustainability-Rebates

https://ecouncil.lanecove.nsw.gov.au/TRIM/documents_TE/421887176/TRIM_Sustainability%20Rebates%20-%20Guidelines_1709875.PDF"
Lane Cove,Lane Cove Municipal Council,Education and Awareness Programs,Greener Apartments Program,Current,Free Council initiative to assist apartment buildings and strata schemes reduce their energy and water use and save money. This involves receiving independent expert advice.,Apartments,N/A - information,N/A,"Subject to application, but the Council encourages those in all types of buildings to apply.",Unclear,Unclear,Lane Cove Municipal Council,N/A,N/A,"service@lanecove.nsw.gov.au

02 9911 3555",https://www.lanecove.nsw.gov.au/Environment-Sustainability/Sustainability/Sustainability-Programs-and-Rebates/Greener-Apartments-Program
Lane Cove,Lane Cove Municipal Council,Home Electrification,Gas ban,Current,"At its 21 September 2023 Council meeting, Lave Cove Council passed new planning rules which prohibit the installation of gas appliances in all new development (residential and non-residential)",Houses; apartments,N/A,N/A,N/A,21 September 2023,N/A,Lane Cove Municipal Council,N/A,N/A,"service@lanecove.nsw.gov.au

02 9911 3555",https://350.org.au/electrify-your-council-council-tracker/
Mosman,Mosman Council,Education and Awareness Programs,The Mosman Apartment and Strata Savings Program (Strata sustainability program),Current,"Free independent advice to eligible residential apartment buildings to help improve sustainability, reduce greenhouse gas emissions and cut expenses.

The program offers – at no cost:
- Energy assessments performed by industry specialists.
- Detailed reports which will clearly illustrate the financial case for upgrades.
- Online video call support at strata meetings if requested to help communicate benefits of building upgrades.
- General support.",Apartments,N/A - information,N/A,The scheme offers sustainability assessments and reports to larger strata schemes and aged care facilities.,2024,2025,Mosman Council & Wattblock,N/A,N/A,"council@mosman.nsw.gov.au

(02) 9978 4000","https://mosman.nsw.gov.au/news/council-news/strata-sustainability-program

https://mosman.nsw.gov.au/environment/climate/councils-response-to-climate-change"
North Sydney,North Sydney Council,Financial Incentives,Sustainability rebates,Current,"There are fourteen rebates that can be applied for as part of the program up to the value of $5,000.

They include: 
- rooftop solar
- rooftop solar health check
- home battery
- electric vehicle charger
- hot water heat pumps
- reverse cycle air conditioners for heating
- induction cook top
- business kitchen electrification
- insulation
- rainwater tanks
- waterfix program
- lighting
- pool pump
- level 2 energy audit",Houses; apartments,Rebates,"Various - see website.

https://www.northsydney.nsw.gov.au/homepage/174/sustainability-rebates",Sustainable Product must have been installed or undertaken 12 months from the date listed on final invoice.,Unclear,Unclear,North Sydney Council,N/A,N/A,"council@northsydney.nsw.gov.au

(02) 9936 8100",https://www.northsydney.nsw.gov.au/homepage/174/sustainability-rebates
North Sydney,North Sydney Council,Energy Audits and Ratings,Futureproofing Apartments Program,Current,"For strata buildings of two units or more, Council offers the following at no cost:
- energy assessments performed by industry specialists
- detailed reports which will clearly illustrate the financial case for upgrades
- attendance at strata meetings if requested to help communicate benefits of building upgrades
- workshops and information sessions for apartment residents
- upgrade opportunities (including solar electricity, solar sharing to multiple units, batteries, heat pumps, LED lighting with smart controls, EV charging and carpark ventilation)
- numerous rebates (see above re sustainability rebates)",Apartments,Various,Various,Various,Unclear,N/A - Until funding exhausted,North Sydney Council,N/A,N/A,"council@northsydney.nsw.gov.au

(02) 9936 8100",https://www.northsydney.nsw.gov.au/home-improvements-maintenance/futureproofing-apartments
City of Parramatta,City of Parramatta Council,Home Electrification,Banned gas from new residential homes,Current,"In December 2022, Parramatta Council banned gas appliances in residential and commercial developments in its CBD.",Houses; apartments; businesses,N/A - Gas ban,N/A,N/A,1 December 2022,N/A,Parramatta Council,N/A,N/A,"council@cityofparramatta.nsw.gov.au

02 9806 5050","https://www.smh.com.au/national/nsw/as-city-of-sydney-ponders-a-gas-ban-this-council-is-planning-to-take-it-a-step-further-20230824-p5dzb1.html

https://switchedon.reneweconomy.com.au/content/more-local-councils-move-to-ban-new-gas-connections-in-homes-and-businesses#:~:text=And%20in%20December%202022%20Parramatta,exploring%20bans%20in%20residential%20settings."
City of Parramatta,City of Parramatta Council,Education and Awareness Programs,Our Energy Future,Current,"The Council is part of the Our Energy Future program. Our Energy Future provides impartial, up-to-date energy efficiency and renewable energy advice and support for households, businesses and City of Parramatta staff.",Houses; apartments; businesses,N/A - information,N/A,N/A,Unclear,Unclear,Parramatta Council,N/A,N/A,"council@cityofparramatta.nsw.gov.au

02 9806 5050","https://www.cityofparramatta.nsw.gov.au/our-energy-future#:~:text=To%20receive%20an%20obligation%20free,be%20right%20for%20your%20household."
Cumberland,Cumberland City Council,Education and Awareness Programs,Cumberland Council energy savings and solar free workshop,Historical,"On 1 December 2018, Cumberland Council held an energy savings and solar workshop.",General,N/A - information,N/A,N/A,N/A,N/A,Cumberland City Council,N/A,N/A,"council@cumberland.nsw.gov.au

02 8757 9000",https://www.cumberland.nsw.gov.au/news/council-helping-lower-your-electricity-and-gas-costs
Hawkesbury,Hawkesbury City Council,Building Energy Standards,Hawkesbury City Council Net Zero Emissions and Water Efficiency Strategy,Historical,"On 31 March 2021, the Council adopted the Strategy. New community emissions target was adopted by Council on 28 September 2021. Council’s newly adopted community emissions target is Net Zero Emissions by 2030. The strategy outlines a plan to guide Council, and the community to achieve emission and water reduction across Council’s operations and the broader LGA.",General,N/A,N/A,N/A,31 March 2021,N/A,Cumberland City Council,N/A,N/A,"council@cumberland.nsw.gov.au

02 8757 9000","https://www.hawkesbury.nsw.gov.au/for-residents/living-sustainably/net-zero-emissions#:~:text=Council's%20newly%20adopted%20community%20emissions,the%20broader%20local%20government%20area.

https://www.hawkesbury.nsw.gov.au/__data/assets/pdf_file/0011/178274/Adopted-Hawkesbury-City-Council-Net-Zero-Emissions-and-Water-Efficiency-Strategy-2021.pdf"
The Hills Shire,The Hills Shire Council,,None,,,,,,,,,,,,,
Blacktown,Blacktown City Council,Home Electrification,Australian Energy Foundation partnership,Current,"The Council has partnered with the Australian Energy Foundation to provide solar/insulation installation and advice to residents - accessed directly with AEF rather than through the Council. 
(Information is vague)",General,Various,$150-200,Unclear,Unclear,Unclear,Unclear,N/A,N/A,"council@blacktown.nsw.gov.au

(02) 5300 6000",https://www.blacktown.nsw.gov.au/files/assets/public/rates/pool-pump-campaign.pdf
Penrith,Penrith City Council,Education and Awareness Programs,Energy Efficiency Consultation,Historical,"Residents can book a 45-minute one-on-one energy advice consultation with Ian Moxon (an experienced sustainability consultant). Held at Penrith City Library (2 Sep 2024) and St Marys Library.

Ian Moxon provides information on:
- Reading bill and finding the best retailer
- Home energy efficiencies
- Solar power and batteries
- Electric Vehicles
- All-electric homes",General,N/A,N/a,None,2 September 2024,2 September 2024,Penrith City Council,N/A,N/A,"council@penrith.city

(02) 4732 7777",https://www.penrithcity.nsw.gov.au/upcoming-events/energy-efficiency-consultation-penrith-city-library
Penrith,Penrith City Council,Education and Awareness Programs,Be Energy Efficient at Home and Save Money Webinar,Current,"A free webinar that covers: 
- New technologies around energy-efficient appliances, smart home systems, and renewable energy solutions that revolutionize the way we power homes
- Practical methods, expert tips and simple techniques to maximize energy efficiency in every aspect of your home: hot water, lighting, insulation, heating and cooling systems.
- Immediate cost savings by comparing retail energy plans which can lead to substantial savings.
- Understand the various supplies of energy that we commonly use at home and how these fuels impact our family's health 
- Rebates and other government support that will help households unlock new and efficient energy saving products.",General,N/A,N/a,None,Unclear,Unclear,Penrith City Council,N/A,N/A,"council@penrith.city

(02) 4732 7777",https://www.penrithcity.nsw.gov.au/upcoming-events/be-energy-efficient-at-home-and-save-money-webinar
Fairfield,Fairfield City Council,,None,,,,,,,,,,,,,
Liverpool,Liverpool City Council,,None,,,,,,,,,,,,,
Campbelltown,Campbelltown City Council,,None,,,,,,,,,,,,,
Camden,Camden Council,Education and Awareness Programs,Home Energy Efficiency Kit,Current,"Residents can borrow a Home Energy Efficiency Kit to:
- show what appliances are using the most power in the home
- help identify issues that are affecting the energy efficiency of the home
- give ideas and steps to take to save money and power",General,N/A,N/A,None,Unclear,Unclear,Camden Council,N/A,N/A,"mail@camden.nsw.gov.au

13 22 63","https://www.camden.nsw.gov.au/environment/environmental-programs/home-energy-efficiency-kit/#:~:text=The%20Home%20Energy%20Efficiency%20Kits,efficiency%20of%20your%20home%2C%20and"
Wollondilly,Wollondilly Shire Council,,None,,,,,,,,,,,,,
Blue Mountains,Blue Mountains City Council,Home Electrification,Passed motion for new homes and businesses to be all-electric.,Current,"On 26 September 2023, the Council passed a motion to start the process requiring new homes and businesses across the municipality to be all-electric and gas-free. The motion will explore new planning laws to require new homes and businesses, including apartments, to include electric appliances like stoves, cooktops, heaters and hot water units, instead of gas ones.",(New) Houses; apartments; businesses,N/A - gas ban,N/A,N/A,26 September 2023,N/A,Blue Mountains City Council,"New household would save an average of $432 per year on their energy bills. This equates to more than $5,500 in today’s dollars over a typical 40-year life of a dwelling, totalling $16.6 million across the Blue Mountains LGA.",N/A,"council@bmcc.nsw.gov.au

(02) 4780 5000",https://350.org.au/press-release/blue-mountains-city-council-latest-council-to-move-towards-all-electric-gas-free-new-homes-and-businesses/
Upper Hunter,Upper Hunter Shire Council,Education and Awareness Programs,Partnership with 'Good for the Hood',Current,"The Council has partnered with partner with Good for the Hood to present the ""@HOME"" program, an initiative designed to promote smart, sustainable actions that residents can take within their homes.",Houses; apartments,,,,,,,,,,
Muswellbrook,Muswellbrook Shire Council,Community Energy Projects,Various initiatives by the Council's Sustainability Unit,Current,"The Council's Sustainability Unit offers:
- energy audits of their home, community facility or business.
- workshops on subjects such as being more energy efficient.
- visits to educational facilities to participate in activities about being energy smart.
- financial incentives for energy smart products and initiatives (subject to change and conditions).

Minimal details available.",General,N/A,N/A,N/A,N/A,N/A,Muswellbrook Shire Council,N/A,N/A,"Sustainability Unit
council@muswellbrook.nsw.gov.au
(02) 6549 3700",https://www.muswellbrook.nsw.gov.au/rethink-energy/
Singleton,Singleton Council,Education and Awareness Programs,Education and behaviour change program (one of its Cities Power Partnership pledges),Current,"In 2020, the Council resolved to participate in Cities Power Partnership. One of its pledges was to ""implement an education and behaviour change program to influence the behaviour of Council officers, local residents and businesses within the Local Government Area (LGA) to drive the shift to renewable energy, energy efficiency and sustainable transport.""

The Council does not seem to have any substantive education program in place further to the information available on its website.",General,N/A,N/A,N/A,2020,N/A,Singleton Council,N/A,N/A,"council@singleton.nsw.gov.au

02 6578 7290",https://www.singleton.nsw.gov.au/Live/Sustainability-Hub/Sustainability-Strategy/Cities-Power-Partnership
Cessnock,Cessnock City Council,,None,,,,,,,,,,,,,
Maitland,Maitland City Council,Financial Incentives,Rebates (part of its Cities Power Partnership pledge),Current,"The Council promotes state government programs to support community access to rebates for actions that improve energy efficiency in the home. This includes showerhead exchanges, fridge buybacks and current Appliance Replacement Offer program.

Minimal details available.",Houses; apartments,Rebate,Unclear,Unclear,Unclear,Unclear,Unclear,N/A,N/A,"info@maitland.nsw.gov.au

02 4934 9700",https://citiespowerpartnership.org.au/partners/maitland-city-council/
Dungog,Dungog Shire Council,,None,,,,,,,,,,,,,
Mid-Coast,MidCoast Council,,None,,,,,,,,,,,,,
Port Stephens,Port Stephens Council,,None,,,,,,,,,,,,,
Newcastle,Newcastle City Council,Energy Audits and Ratings,Go Electric Action Plan,Current,"Residents can elect to participate in the Go Electric program. There is a separate plan for homeowners, renters and strata. 

By completing the Plan:
- homeowners can better understand the energy efficiency of their appliances;
- renters can better understand how to reduce energy bills and reduce emissions;
- strata managers can better understand how to work with Owners Corporation to increase electrification.",General,N/A,N/A,N/A,Unclear,Unclear,Residents,N/A,N/A,02 4974 2000,https://ncc.nsw.gov.au/living/environment/climate-action/empowering-newcastle#community-climate-action
Lake Macquarie,Lake Macquarie City Council,Energy Audits and Ratings,Residential efficiency scorecard,Historical,Council is offering a subsidised Residential Efficiency Scorecard assessment. A government-accredited Scorecard assessor provides an energy rating for the home and a plan for ways to make improvements.,Houses,Subsidy,"Subsidy for energy efficiency rating assessment.

Successful applicants will be eligible for a personalised Scorecard assessment for only $50 (assessments are normally valued at $500-$600 depending on the size of home).","The Terms and Conditions provide that:

- Entry is open to Lake Macquarie Residents that own a home within Lake Macquarie City. Entrants must be over 18 years of age. Lake Macquarie City Council employees and immediate families are eligible to enter.
- Successful applicants will be chosen at random via a lottery system",19 August 2024,26 August 2024,Lake Macquarie City Council,N/A,N/A,"council@lakemac.nsw.gov.au
(02) 4921 0333",https://www.lakemac.com.au/For-residents/Environment-and-sustainability/Sustainable-homes-business-and-transport/Sustainable-homes/Residential-efficiency-scorecard
Lake Macquarie,Lake Macquarie City Council,Energy Audits and Ratings,Home Energy Audit Toolkit,Current,Residents can borrow the Home Energy Audit Toolkit from the 'Library of things' to assess the energy efficiency of their home applicances.,Houses; apartments,N/A,N/A,N/A,Unclear,Unclear,Lake Macquarie City Council,N/A,N/A,"council@lakemac.nsw.gov.au
(02) 4921 0333",https://www.lakemac.com.au/For-residents/Environment-and-sustainability/Sustainable-homes-business-and-transport/Sustainable-homes/Electrify-your-home
Central Coast,Central Coast Council,,None,,,,,,,,,,,,,
Moree Plains,Moree Plains Shire Council,,None,,,,,,,,,,,,,
Narrabri,Narrabri Shire Council,,None,,,,,,,,,,,,,
Gunnedah,Gunnedah Shire Council,,None,,,,,,,,,,,,,
Liverpool Plains,Liverpool Plains Shire Council,,None,,,,,,,,,,,,,
Tamworth Regional,Tamworth Regional Council,,None,,,,,,,,,,,,,
Gwydir,Gwydir Shire Council,,None,,,,,,,,,,,,,
Inverell,Inverell Council,,None,,,,,,,,,,,,,
Uralla,Uralla Shire Council,,None,,,,,,,,,,,,,
Walcha,Walcha Council,,None,,,,,,,,,,,,,
Armidale Regional,Armidale Regional Council,,None,,,,,,,,,,,,,
Glen Innes Severn,Glen Innes Severn Council,,None,,,,,,,,,,,,,
Tenterfield,Tenterfield Shire Council,,None,,,,,,,,,,,,,
Kyogle,Kyogle Council,,None,,,,,,,,,,,,,
Richmond Valley,Richmond Valley Council,,None,,,,,,,,,,,,,
Lismore,Lismore City Council,Education and Awareness Programs,Partnership with Lismore Community Sustainability Forum,Current,"The Council partnered with the Lismore Community Sustainability Forum (LCSF), a group of volunteers dedicated to sustainable living, to design and deliver community education on energy efficiency in the home. Energy consultants audited household energy use and ran ‘kitchen table’ neighbourhood workshops to build social networks, share information and support participants to make changes.",General,N/A - education,N/A,N/A,Unclear,Unclear,Lismore City Council; Lismore Community Sustainability Forum,"A survey of the 50 plus participants before and after the project showed a marked improvement in knowledge.
“It was the little things I learnt that made the biggest difference to saving energy,” said one participant.",N/A,"council@lismore.nsw.gov.au 

(02) 6625 0500",https://www.lismore.nsw.gov.au/files/assets/public/v/1/2.-community/3.-environmental-strategies/documents/examples-factsheets-and-brochures/energy_efficiency_factsheet.pdf
Tweed,Tweed Shire Council,Education and Awareness Programs,Flick the Switch pop-up stall,Historical,The Council hosted a pop-up stall in one of the shopping centres in the LGA to help residents reduce energy usage to save money.,General,N/A - education,N/A,N/A,22 October 2024,23 October 2024,Tweed Shire Council,N/A,N/A,tsc@tweed.nsw.gov.au,https://www.tweed.nsw.gov.au/environment/climate-sustainability/climate-action/saving-energy
Clarence Valley,Clarence Valley Council,,None,,,,,,,,,,,,,
Coffs Harbour,Coffs Harbour City Council,,None,,,,,,,,,,,,,
Bellingen,Bellingen Shire Council,,None,,,,,,,,,,,,,
Nambucca Valley,Nambucca Valley Council,,None,,,,,,,,,,,,,
Kempsey,Kempsey Shire Council,Education and Awareness Programs,Webinar series,Historical,The Council partnered with an expert from Your Energy Friend to present a webinar series on sustainable energy use.,General,N/A - education,N/A,N/A,8 November 2023,8 November 2023,Kempsey Shire Council,N/A,N/A,ksc@kempsey.nsw.gov.au,https://www.kempsey.nsw.gov.au/Your-Council/Council-news-public-notices/Council-news-updates/20231124_Sustainability-webinar-2-summary
Port Macquarie-Hastings,Port Macquarie-Hastings Cou,,None,,,,,,,,,,,,,
Ballina ,Ballina Shire Council,,None,,,,,,,,,,,,,
Byron,Byron Shire Council,,None,,,,,,,,,,,,,
Shellharbour,Shellharbour City Council,Financial Incentives,Sustainability Rebates Program,Current,Shellharbour City Council's Sustainability Rebates Program assists homeowners and landlords to electrify their homes.,Houses,Rebate,"Rooftop solar: 10% up to $500

Heat pump water heater: 10% up to $500

Induction cooktop: 10% up to $250

Electric vehicle chargers: 10% up to $250

Home battery: 5% up to $500",Unclear,3 November 2023,Unclear,Shellharbour City Council,"In 2023/24, the Council's Small Environmental Projects Fund (SEPF) provided 60 rebates to eligible homeowners and landlords for the installation of sustainability products as part of the Sustainability Rebates Program.

",N/A,council@shellharbour.nsw.gov.au,"https://rebately.co/shellharbour/#:~:text=Shellharbour%20City%20Council's%20Sustainability%20Rebates,appliances%2C%20powered%20by%20solar%20energy.

https://www.shellharbour.nsw.gov.au/council/news-and-publications/media-releases/helping-households-switch-to-electric

https://www.shellharbour.nsw.gov.au/environment/small-environmental-projects-fund"
Wollongong,Wollongong Council,Education and Awareness Programs,Energy Efficiency Toolkit,Current,"Residents can borrow the Energy Efficiency Toolkit from the library to test the energy efficiency of homes applicances. 

The toolkit includes: 
- Energy saving thermometer
- Energy meter
- Water flow measuring cup
- Non-contact thermometer",Houses; apartments,N/A,N/A,N/A,Unclear,Unclear,Wollongong Council,N/A,N/A,(02) 4227 7414,https://www.wollongong.nsw.gov.au/library/borrow/energy-efficiency-toolkits
Kiama,Kiama Municipal Council,,None,,,,,,,,,,,,,
Hilltops,Hilltops Council,,None,,,,,,,,,,,,,
Upper Lachlan Shire,Upper Lachlan Shire Council,,None,,,,,,,,,,,,,
Wingecarribbee,Wingecarribbee Shire Council,Energy Audits and Ratings,Save Power Kit,Current,Residents can borrow the toolkit by contacting the council and arranging for collection from the civic centre.,General,N/A,Free,N/A,Unclear,Unclear,Wingecarribbee Shire Council,N/A,N/A,mail@wsc.nsw.gov.au,https://www.wsc.nsw.gov.au/environment/Sustainability/energy-in-your-home-or-business
Wingecarribbee,Wingecarribbee Shire Council,Education and Awareness Programs,Workshop,Historical,The Council partnered with an expert from Your Energy Friend to host a workshop on sustainable energy use.,General,N/A - education,N/A,N/A,19 August 2023,19 August 2023,Wingecarribbee Shire Council,N/A,N/A,mail@wsc.nsw.gov.au,https://www.wsc.nsw.gov.au/News/Community-Announcements-and-Statement/Conserve-energy-save-money
Shoalhaven,Shoalhaven City Council,Solar and Battery Systems,Sustainability and Climate Action Plan and Sustainable Energy Strategy - target of rooftop solar on 33% of all dwellings by 2025.,Current,Target of rooftop solar on 33% of all dwellings by 2025.,Houses,N/A - policy/target,N/A,N/A,Unclear,Unclear,Unclear,N/A,N/A,1300 293 111,"https://www.shoalhaven.nsw.gov.au/Council/What-guides-us/Plans-for-the-future/Environmental-sustainability#:~:text=Renewable%20energy%20targets&text=Source%20or%20generate%20electricity%20supply,of%20all%20dwellings%20by%202025."
Shoalhaven,Shoalhaven City Council,Energy Audits and Ratings,Energy and Water Saving Kits,Current,"Energy and Water Saving Kits available for hire from library for free.

Each kit contains:  
1- 0 Amp powermate to help measure power consumption and running costs
- non-contact thermometer to help assess surfaces and appliances
- water flow measuring cup to assess water usage
- guide to assist in calculating your energy and water use. ",General,N/A,Free,N/A,Unclear,Unclear,Shoalhaven City Council,N/A,N/A,1300 293 111,https://www.shoalhaven.nsw.gov.au/News-and-feedback/News-and-media/News/Energy-and-Water-Saving-Kits-are-now-available-to-hire
Goulburn Mulwaree,Goulburn Mulwaree Council,,None,,,,,,,,,,,,,
Yass Valley,Yass Valley Council,,None,,,,,,,,,,,,,
Queanbeyan-Palerang Regional,Queanbeyan-Palerang Regional Council,,None,,,,,,,,,,,,,
Eurobodalla,Eurobodalla Council,,None,,,,,,,,,,,,,
Bega Valley,Bega Valley Council,Energy Audits and Ratings,Save Power Kits,Current,Save Power Kits available for borrowing from library.,General,N/A,Free,N/A,Unclear,Unclear,Bega Valley Council,N/A,N/A,"council@begavalley.nsw.gov.au

02 6499 2222",https://begavalley.nsw.gov.au/council/save-power-kits-available-for-loan-from-bega-library
Snowy Monaro Regional,Snowy Monaro Regional Council,,None,,,,,,,,,,,,,
Oberon,Oberon Council,,None,,,,,,,,,,,,,
Lithgow City,Lithgow City Council,,None,,,,,,,,,,,,,
Bathurst Regional,Bathurst Regional Council,,None,,,,,,,,,,,,,
Mid-Western Regional,Mid-Western Regional Council,,None,,,,,,,,,,,,,
Warrumbungle,Warrumbungle Council,,None,,,,,,,,,,,,,
Blayney,Blayney Council,,None,,,,,,,,,,,,,
Orange,Orange City Council,Energy Audits and Ratings,Save Power Kits,Current,Save Power Kits available for borrowing from library.,General,N/A,Free,N/A,Unclear,Unclear,Orange City Council,N/A,N/A,1300 650 511.,https://www.orange.nsw.gov.au/news/save-power-kits-available-to-borrow-from-central-west-libraries/
Cowra,Cowra Council,,None,,,,,,,,,,,,,
Cabonne,Cabonne Council,,None,,,,,,,,,,,,,
Dubbo Regional,Dubbo Regional Council,,None,,,,,,,,,,,,,
Gilgandra,Gilgandra Shire Council,,None,,,,,,,,,,,,,
Coonamble,Coonamble Shire Council,,None,,,,,,,,,,,,,
Warren,Warren Shire Council,,None,,,,,,,,,,,,,
Narromine,Narromine Shire Council,,None,,,,,,,,,,,,,
Parkes,Parkes Shire Council,Solar and Battery Systems,Parkes Shire Solar Communities program,Historical,"In 2013, the Council coordinated the Parkes Shire Solar Communities program that led to in excess of 300 households installing rooftop solar at highly competitive prices.",Houses,Discount,Unclear,Unclear,2013,Unclear,Parkes Shire Council,The Parkes Shire area at the time becoming one of the highest per capita adopters of roof top solar in NSW in 2013.,N/A,(02) 6861 2333,https://citiespowerpartnership.org.au/partners/parkes/
Forbes,Forbes Shire Council,,None,,,,,,,,,,,,,
Weddin,Weddin Shire Council,,None,,,,,,,,,,,,,
Bogan,Bogan Shire Council,,None,,,,,,,,,,,,,
Lachlan,Lachlan Shire Council,,None,,,,,,,,,,,,,
Bland,Bland Shire Council,,None,,,,,,,,,,,,,
Temora,Temora Shire Council,,None,,,,,,,,,,,,,
Junee,Junee Shire Council,,None,,,,,,,,,,,,,
Cootamundra Gundagai Regional,Cootamundra Gundagai Regional Council,,None,,,,,,,,,,,,,
Snowy Valleys,Snowy Valleys Council,,None,,,,,,,,,,,,,
Coolamon,Coolamon Shire Council,,None,,,,,,,,,,,,,
Wagga Wagga,Wagga Wagga City Council,,None,,,,,,,,,,,,,
Lockhart,Lockhart Shire Council,,None,,,,,,,,,,,,,
Federation,Federation Council,Energy Audits and Ratings,Save Power Kits,Current,Save Power Kits available for borrowing from library.,General,N/A,Free,N/A,Unclear,Unclear,Federation Council,N/A,N/A,"council@federationcouncil.nsw.gov.au

(02) 6033 8999",https://www.federationcouncil.nsw.gov.au/Living-Here/Libraries/Programs-Events/Save-Power-Kit
Narrandera,Narrandera Shire Council,,None,,,,,,,,,,,,,
Leeton,Leeton Shire Council,,None,,,,,,,,,,,,,
Griffith,Griffith City Council,,None,,,,,,,,,,,,,
Berrigan,Berrigan Shire Council,,None,,,,,,,,,,,,,
Murrumbidgee,Murrumbidgee Council,,None,,,,,,,,,,,,,
Carrathool,Carrathool Shire Council,,None,,,,,,,,,,,,,
Edward River,Edward River Council,Energy Audits and Ratings,Save Power Kits,Current,Save Power Kits available for borrowing from library.,General,N/A,Free,Must be a member of the library.,Unclear,Unclear,Edward River Council,N/A,N/A,library@edwardriver.nsw.gov.au,https://library.edwardriver.nsw.gov.au/News/Save-Power
Murray River,Murray River Council,,None,,,,,,,,,,,,,
Hay,Hay Shire Council,,None,,,,,,,,,,,,,
Walgett,Walgett Shire Council,,None,,,,,,,,,,,,,
Brewarrina,Brewarrina Shire Council,,None,,,,,,,,,,,,,
Cobar,Cobar Shire Council,,None,,,,,,,,,,,,,
Bourke,Bourke Shire Council,,None,,,,,,,,,,,,,
Balranald,Balranald Shire Council,,None,,,,,,,,,,,,,
Central Darling,Central Darling Shire Council,,None,,,,,,,,,,,,,
Wentworth,Wentworth Shire Council,,None,,,,,,,,,,,,,
Broken Hill,Broken Hill City Council,,None,,,,,,,,,,,,,
Unincorporated,N/A,,N/A,,,,,,,,,,,,,